{
  "North America": {
    "Central Daylight Time": {
      "AZURE": {
        "non_peak_hours_qoe": 0,
        "peak_hours_qoe": 3.722303137439325
      },
      "AMAZON": {
        "non_peak_hours_qoe": 0,
        "peak_hours_qoe": 3.726501710525487
      },
      "GOOGLE": {
        "non_peak_hours_qoe": 0,
        "peak_hours_qoe": 3.724372625816609
      }
    },
    "Eastern Daylight Time": {
      "AZURE": {
        "non_peak_hours_qoe": 4.4360635580415915,
        "peak_hours_qoe": 4.2761563080852225
      },
      "AMAZON": {
        "non_peak_hours_qoe": 4.364431183265565,
        "peak_hours_qoe": 4.237774811916551
      },
      "GOOGLE": {
        "non_peak_hours_qoe": 4.376027758239824,
        "peak_hours_qoe": 4.23231523806155
      }
    },
    "Pacific Daylight Time": {
      "AZURE": {
        "non_peak_hours_qoe": 4.869327277609019,
        "peak_hours_qoe": 4.893689255495282
      },
      "AMAZON": {
        "non_peak_hours_qoe": 4.845273262127331,
        "peak_hours_qoe": 4.900251001790983
      },
      "GOOGLE": {
        "non_peak_hours_qoe": 4.806785776533678,
        "peak_hours_qoe": 4.869311150400446
      }
    },
    "Mountain Daylight Time": {
      "AZURE": {
        "non_peak_hours_qoe": 4.939219414737485,
        "peak_hours_qoe": 4.952007586719496
      },
      "AMAZON": {
        "non_peak_hours_qoe": 4.916861038644573,
        "peak_hours_qoe": 4.940166722759333
      },
      "GOOGLE": {
        "non_peak_hours_qoe": 4.939684305526032,
        "peak_hours_qoe": 4.9357632848279405
      }
    }
  },
  "Europe": {
    "Central European Summer Time": {
      "AZURE": {
        "non_peak_hours_qoe": 4.959362118606081,
        "peak_hours_qoe": 4.9037412832131455
      },
      "AMAZON": {
        "non_peak_hours_qoe": 4.959362118606081,
        "peak_hours_qoe": 4.909081835979978
      },
      "GOOGLE": {
        "non_peak_hours_qoe": 4.918394516464551,
        "peak_hours_qoe": 4.854797200090147
      }
    },
    "Argentina Standard Time": {
      "AZURE": {
        "non_peak_hours_qoe": 0,
        "peak_hours_qoe": 0
      },
      "AMAZON": {
        "non_peak_hours_qoe": 0,
        "peak_hours_qoe": 0
      },
      "GOOGLE": {
        "non_peak_hours_qoe": 0,
        "peak_hours_qoe": 0
      }
    },
    "Eastern European Summer Time": {
      "AZURE": {
        "non_peak_hours_qoe": 0,
        "peak_hours_qoe": 0
      },
      "AMAZON": {
        "non_peak_hours_qoe": 0,
        "peak_hours_qoe": 0
      },
      "GOOGLE": {
        "non_peak_hours_qoe": 0,
        "peak_hours_qoe": 0
      }
    },
    "Western European Summer Time": {
      "AZURE": {
        "non_peak_hours_qoe": 0,
        "peak_hours_qoe": 0
      },
      "AMAZON": {
        "non_peak_hours_qoe": 0,
        "peak_hours_qoe": 0
      },
      "GOOGLE": {
        "non_peak_hours_qoe": 0,
        "peak_hours_qoe": 0
      }
    }
  },
  "South America": {
    "Brasilia Standard Time": {
      "AZURE": {
        "non_peak_hours_qoe": 4.1783709288312965,
        "peak_hours_qoe": 4.48389183844686
      },
      "AMAZON": {
        "non_peak_hours_qoe": 4.292846180594495,
        "peak_hours_qoe": 4.563303100355828
      },
      "GOOGLE": {
        "non_peak_hours_qoe": 4.438513983188109,
        "peak_hours_qoe": 4.505513590324704
      }
    },
    "unknown": {
      "AZURE": {
        "non_peak_hours_qoe": 4.945141494811671,
        "peak_hours_qoe": 4.9446553011118315
      },
      "AMAZON": {
        "non_peak_hours_qoe": 4.9588740499583395,
        "peak_hours_qoe": 4.959362118606081
      },
      "GOOGLE": {
        "non_peak_hours_qoe": 4.923046200040549,
        "peak_hours_qoe": 4.926223103504889
      }
    }
  },
  "Australia": {
    "Australian Eastern Standard Time": {
      "AZURE": {
        "non_peak_hours_qoe": 0,
        "peak_hours_qoe": 4.947210761631278
      },
      "AMAZON": {
        "non_peak_hours_qoe": 0,
        "peak_hours_qoe": 4.9390157166754065
      },
      "GOOGLE": {
        "non_peak_hours_qoe": 0,
        "peak_hours_qoe": 4.867237984860084
      }
    },
    "New Zealand Standard Time": {
      "AZURE": {
        "non_peak_hours_qoe": 0,
        "peak_hours_qoe": 4.7996251138026045
      },
      "AMAZON": {
        "non_peak_hours_qoe": 0,
        "peak_hours_qoe": 4.892790751947533
      },
      "GOOGLE": {
        "non_peak_hours_qoe": 0,
        "peak_hours_qoe": 4.610338107526379
      }
    }
  },
  "Asia": {
    "Moscow Standard Time": {
      "AZURE": {
        "non_peak_hours_qoe": 0,
        "peak_hours_qoe": 0
      },
      "AMAZON": {
        "non_peak_hours_qoe": 0,
        "peak_hours_qoe": 0
      },
      "GOOGLE": {
        "non_peak_hours_qoe": 0,
        "peak_hours_qoe": 0
      }
    },
    "Singapore Standard Time": {
      "AZURE": {
        "non_peak_hours_qoe": 0,
        "peak_hours_qoe": 0
      },
      "AMAZON": {
        "non_peak_hours_qoe": 0,
        "peak_hours_qoe": 0
      },
      "GOOGLE": {
        "non_peak_hours_qoe": 0,
        "peak_hours_qoe": 0
      }
    },
    "China Standard Time": {
      "AZURE": {
        "non_peak_hours_qoe": 0,
        "peak_hours_qoe": 4.7895276700561045
      },
      "AMAZON": {
        "non_peak_hours_qoe": 0,
        "peak_hours_qoe": 4.454377365966565
      },
      "GOOGLE": {
        "non_peak_hours_qoe": 0,
        "peak_hours_qoe": 4.760036237789185
      }
    },
    "Japan Standard Time": {
      "AZURE": {
        "non_peak_hours_qoe": 4.959278965131616,
        "peak_hours_qoe": 4.959811026836944
      },
      "AMAZON": {
        "non_peak_hours_qoe": 4.958059728659189,
        "peak_hours_qoe": 4.955932172673587
      },
      "GOOGLE": {
        "non_peak_hours_qoe": 4.932482636613354,
        "peak_hours_qoe": 4.931790817866237
      }
    }
  }
}